{
	"__comment": "Designed by HenryLoenwind with Cubik Studio - https://cubik.studio",
	"textures": {
		"dish3": "dish3"
	},
	"elements": [ 	 
		{
			"__comment": "core",
			"from": [ 7, 7, 7 ],
			"to": [ 9, 9, 9 ],
			"faces": {
				"down": { "uv": [ 0, 0, 2, 2 ], "texture": "#dish3" },
				"up": { "uv": [ 0, 0, 2, 2 ], "texture": "#dish3" },
				"north": { "uv": [ 0, 0, 2, 2 ], "texture": "#dish3" },
				"south": { "uv": [ 0, 0, 2, 2 ], "texture": "#dish3" },
				"west": { "uv": [ 0, 0, 2, 2 ], "texture": "#dish3" },
				"east": { "uv": [ 0, 0, 2, 2 ], "texture": "#dish3" }
			}
		}
	]
}