{
	"__comment": "Designed by HenryLoenwind with Cubik Studio - https://cubik.studio",
	"textures": {
		"dish1": "dish1",
		"dish2": "dish2"
	},
	"elements": [ 	 
		{
			"__comment": "Voxels",
			"from": [ 4, 4, 14 ],
			"to": [ 12, 6, 14.5 ],
			"faces": {
				"down": { "uv": [ 4, 12.5, 12, 13 ], "texture": "#dish1" },
				"up": { "uv": [ 4, 14, 12, 13.5 ], "texture": "#dish1" },
				"north": { "uv": [ 12, 10, 4, 12 ], "texture": "#dish2" },
				"south": { "uv": [ 4, 10, 12, 12 ], "texture": "#dish1" },
				"west": { "uv": [ 3, 10, 3.5, 12 ], "texture": "#dish1" },
				"east": { "uv": [ 13, 10, 12.5, 12 ], "texture": "#dish1" }
			}
		},
		{
			"__comment": "Voxels",
			"from": [ 4, 4, 14.5 ],
			"to": [ 12, 5, 15 ],
			"faces": {
				"down": { "uv": [ 4, 12, 12, 12.5 ], "texture": "#dish1" },
				"up": { "uv": [ 4, 13, 12, 12.5 ], "texture": "#dish1" },
				"south": { "uv": [ 4, 11, 12, 12 ], "texture": "#dish1" },
				"west": { "uv": [ 3.5, 11, 4, 12 ], "texture": "#dish1" },
				"east": { "uv": [ 12.5, 11, 12, 12 ], "texture": "#dish1" }
			}
		},
		{
			"__comment": "Voxels",
			"from": [ 4, 5, 14.5 ],
			"to": [ 5, 12, 15 ],
			"faces": {
				"up": { "uv": [ 4, 4, 5, 3.5 ], "texture": "#dish1" },
				"south": { "uv": [ 4, 4, 5, 11 ], "texture": "#dish1" },
				"west": { "uv": [ 3.5, 4, 4, 11 ], "texture": "#dish1" },
				"east": { "uv": [ 3, 4, 2.5, 11 ], "texture": "#dish1" }
			}
		},
		{
			"__comment": "Voxels",
			"from": [ 4, 6, 14 ],
			"to": [ 6, 12, 14.5 ],
			"faces": {
				"up": { "uv": [ 4, 3.5, 6, 3 ], "texture": "#dish1" },
				"north": { "uv": [ 6, 4, 4, 10 ], "texture": "#dish2" },
				"south": { "uv": [ 4, 4, 6, 10 ], "texture": "#dish1" },
				"west": { "uv": [ 3, 4, 3.5, 10 ], "texture": "#dish1" },
				"east": { "uv": [ 2.5, 4, 2, 10 ], "texture": "#dish1" }
			}
		},
		{
			"__comment": "Voxels",
			"from": [ 5, 5, 13 ],
			"to": [ 11, 7, 14 ],
			"faces": {
				"down": { "uv": [ 5, 12, 11, 13 ], "texture": "#dish2" },
				"up": { "uv": [ 5, 15, 11, 14 ], "texture": "#dish1" },
				"north": { "uv": [ 11, 9, 5, 11 ], "texture": "#dish2" },
				"south": { "uv": [ 5, 9, 11, 11 ], "texture": "#dish1" },
				"west": { "uv": [ 3, 9, 4, 11 ], "texture": "#dish2" },
				"east": { "uv": [ 13, 9, 12, 11 ], "texture": "#dish2" }
			}
		},
		{
			"__comment": "Voxels",
			"from": [ 5, 7, 13 ],
			"to": [ 7, 11, 14 ],
			"faces": {
				"up": { "uv": [ 9, 4, 11, 3 ], "texture": "#dish2" },
				"north": { "uv": [ 7, 5, 5, 9 ], "texture": "#dish2" },
				"south": { "uv": [ 5, 5, 7, 9 ], "texture": "#dish1" },
				"west": { "uv": [ 3, 5, 4, 9 ], "texture": "#dish2" },
				"east": { "uv": [ 2, 5, 1, 9 ], "texture": "#dish1" }
			}
		},
		{
			"__comment": "Voxels",
			"from": [ 5, 11, 14.5 ],
			"to": [ 12, 12, 15 ],
			"faces": {
				"down": { "uv": [ 5, 2.5, 12, 3 ], "texture": "#dish1" },
				"up": { "uv": [ 5, 4, 12, 3.5 ], "texture": "#dish1" },
				"south": { "uv": [ 5, 4, 12, 5 ], "texture": "#dish1" },
				"east": { "uv": [ 12.5, 4, 12, 5 ], "texture": "#dish1" }
			}
		},
		{
			"__comment": "Voxels",
			"from": [ 6, 6, 12 ],
			"to": [ 10, 10, 13 ],
			"faces": {
				"down": { "uv": [ 6, 13, 10, 14 ], "texture": "#dish2" },
				"up": { "uv": [ 6, 3, 10, 2 ], "texture": "#dish2" },
				"north": { "uv": [ 10, 6, 6, 10 ], "texture": "#dish2" },
				"south": { "uv": [ 6, 6, 10, 10 ], "texture": "#dish1" },
				"west": { "uv": [ 2, 6, 3, 10 ], "texture": "#dish2" },
				"east": { "uv": [ 14, 6, 13, 10 ], "texture": "#dish2" }
			}
		},
		{
			"__comment": "Voxels",
			"from": [ 6, 10, 14 ],
			"to": [ 12, 12, 14.5 ],
			"faces": {
				"down": { "uv": [ 6, 2, 12, 2.5 ], "texture": "#dish1" },
				"up": { "uv": [ 6, 3.5, 12, 3 ], "texture": "#dish1" },
				"north": { "uv": [ 12, 4, 6, 6 ], "texture": "#dish2" },
				"south": { "uv": [ 6, 4, 12, 6 ], "texture": "#dish1" },
				"east": { "uv": [ 13, 4, 12.5, 6 ], "texture": "#dish1" }
			}
		},
		{
			"__comment": "Voxels",
			"from": [ 7, 9, 13 ],
			"to": [ 11, 11, 14 ],
			"faces": {
				"down": { "uv": [ 7, 1, 11, 2 ], "texture": "#dish1" },
				"up": { "uv": [ 5, 4, 9, 3 ], "texture": "#dish2" },
				"north": { "uv": [ 11, 5, 7, 7 ], "texture": "#dish2" },
				"south": { "uv": [ 7, 5, 11, 7 ], "texture": "#dish1" },
				"east": { "uv": [ 13, 5, 12, 7 ], "texture": "#dish2" }
			}
		},
		{
			"__comment": "Voxels",
			"from": [ 7.5, 7.5, 9 ],
			"to": [ 8.5, 8.5, 12 ],
			"faces": {
				"down": { "uv": [ 0, 0, 1, 3 ], "texture": "#dish2" },
				"up": { "uv": [ 1, 3, 2, 0 ], "texture": "#dish2" },
				"west": { "uv": [ 2, 0, 5, 1 ], "texture": "#dish2" },
				"east": { "uv": [ 5, 1, 2, 2 ], "texture": "#dish2" }
			}
		},
		{
			"__comment": "Voxels",
			"from": [ 9, 7, 13 ],
			"to": [ 11, 9, 14 ],
			"faces": {
				"north": { "uv": [ 11, 7, 9, 9 ], "texture": "#dish2" },
				"south": { "uv": [ 9, 7, 11, 9 ], "texture": "#dish1" },
				"west": { "uv": [ 14, 7, 15, 9 ], "texture": "#dish1" },
				"east": { "uv": [ 13, 7, 12, 9 ], "texture": "#dish2" }
			}
		},
		{
			"__comment": "Voxels",
			"from": [ 10, 6, 14 ],
			"to": [ 12, 10, 14.5 ],
			"faces": {
				"north": { "uv": [ 12, 6, 10, 10 ], "texture": "#dish2" },
				"south": { "uv": [ 10, 6, 12, 10 ], "texture": "#dish1" },
				"west": { "uv": [ 13.5, 6, 14, 10 ], "texture": "#dish1" },
				"east": { "uv": [ 13, 6, 12.5, 10 ], "texture": "#dish1" }
			}
		},
		{
			"__comment": "Voxels",
			"from": [ 11, 5, 14.5 ],
			"to": [ 12, 11, 15 ],
			"faces": {
				"south": { "uv": [ 11, 5, 12, 11 ], "texture": "#dish1" },
				"west": { "uv": [ 13, 5, 13.5, 11 ], "texture": "#dish1" },
				"east": { "uv": [ 12.5, 5, 12, 11 ], "texture": "#dish1" }
			}
		}
	]
}